{
  "persistSelection": true,
  "setActivityTitle": true,
  "style": {
    "background": "",
    "header": "",
    "menuItem": "",
    "selected": ""
  },
  "items": [

  {
      "title": "Preface",
      "url": "drawer-pages/drawer-pages-loader.html",
      "page": "preface.html",
      "icon": "preface.png",
      "layout": "page",
      "callFunction": "loadDrawerPage()"
    },
     
    {
      "title": "Introduction",
      "url": "drawer-pages/drawer-pages-loader.html",
      "page": "introduction.html",
      "icon": "introduction.png",
      "layout": "page",
      "callFunction": "loadDrawerPage()"
    },    
{
      "title": "Read",
      "url": "drawer-pages/contents.html",
      "page": "contents.html",
      "icon": "contents.png",
      "layout": "page",
      "callFunction":"loadPage({})"
    }
,

 {
      "title": "Dedication",
      "url": "drawer-pages/drawer-pages-loader.html",
      "page": "dedication.html",
      "icon": "dedication.png",
      "layout": "page",
      "callFunction":"loadDrawerPage()"
    },
    {
      "title": "About author",
      "url": "drawer-pages/drawer-pages-loader.html",
      "page": "about-author.html",
      "icon": "about.png",
      "layout": "page",
      "callFunction":"loadDrawerPage()"
    },
    
{
      "title": "Other books from author",
      "url": "drawer-pages/drawer-pages-loader.html",
      "page": "other-books.html",
      "icon": "other-books.png",
      "layout": "page",
      "callFunction":"loadDrawerPage()"
  }
,

{
      "title": "Settings",
      "url": "drawer-pages/settings.html",
      "page": "settings.html",
      "icon": "settings.png",
      "layout": "page",
      "callFunction":"loadSettings()"
    }
    ,
    {
      "title": "Contact",
      "url": "drawer-pages/drawer-pages-loader.html",
      "page": "contact.html",
      "icon": "contacts.png",
      "layout": "page",
      "callFunction":""
    }
    
  ]
}