[
  {
    "path":"folder1",
    "title":"Chaper 1",
    "sub_topics":[],  
    "keywords":""
  }
  ,
  
  {
    "path":"folder1",
    "title":"Chapter 2",
    "sub_topics":[],  
    "keywords":""
  }
  ,
  
  {
    "path":"folder1",
    "title":"Chapter 3",
    "sub_topics":[],
    "keywords":""
  },
  
  {
    "path":"folder1",
    "title":"Chapter 4",
    "sub_topics":[],
    "keywords":""
  },
  
  {
    "path":"folder1",
    "title":"Chapter 5",
    "sub_topics":[],
    "keywords":""
  },
  
  {
    "path":"folder1",
    "title":"Chapter 6",
    "sub_topics":[],
    "keywords":""
  }
  ,
  
  {
    "path":"folder1",
    "title":"Chapter 7",
    "sub_topics":[],
    "keywords":""
  }
  ,
  
  {
    "path":"folder1",
    "title":"Chapter 8",
    "sub_topics": [],
    "keywords":""
  }
  ,
  
  {
    "path":"folder1",
    "title":"Chapter 9",
    "sub_topics":[],
    "keywords":""
  }
  ,
  
  {
    "path":"folder1",
    "title":"Chapter 10",
    "sub_topics":[],
    "keywords":""
  }
  ,
  
  {
    "path":"folder1",
    "title":"Chapter 11",
    "sub_topics":[],
    "keywords":""
  }
  ,
  
  {
    "path":"folder1",
    "title":"Chapter 12",
    "sub_topics":[],
    "keywords":""
  }
  ,
  
  {
    "path":"folder1",
    "title":"Chapter 13",
    "sub_topics":[],
    "keywords":""
  }
  ,
  
  {
    "path":"folder1",
    "title":"Chapter 14",
    "sub_topics":[],
    "keywords":""
  }
  
  ,
  
  {
    "path":"folder1",
    "title":"Chapter 15",
    "sub_topics":[],
    "keywords":""
  }

,
  
  {
    "path":"folder1",
    "title":"Chapter 16",
    "sub_topics":[],
    "keywords":""
  }
  
]